https://www.abac.org.au/adjudication/274-21/;Hard Fizz Instagram Post;14 Dec 2021
https://www.abac.org.au/adjudication/250-21/;Various Vodka Packaging and Retailer Facebook posts;14 Dec 2021
https://www.abac.org.au/adjudication/266-21/;Boozebud Television Advertisement;14 Dec 2021
https://www.abac.org.au/adjudication/270-21/;Ampersand Extra Strength Packaging;11 Dec 2021
https://www.abac.org.au/adjudication/263-21/;VB Facebook & Instagram Posts;11 Dec 2021
https://www.abac.org.au/adjudication/257-21/;Hello Drinks Email Marketing;11 Dec 2021
https://www.abac.org.au/adjudication/262-21/;Methanol Moonshine Website & Marketing Collateral;9 Dec 2021
https://www.abac.org.au/adjudication/260-21/;XXXX Outdoor Advertisement;8 Dec 2021
https://www.abac.org.au/adjudication/258-21/;DRNKS Email Marketing Communication;8 Dec 2021
https://www.abac.org.au/adjudication/256-21/;Good Pair Days Email Marketing;6 Dec 2021
https://www.abac.org.au/adjudication/216-7-21/;Wet Pussy Packaging;6 Dec 2021
https://www.abac.org.au/adjudication/254-21/;Balter Beer Television Advertisement;4 Dec 2021
https://www.abac.org.au/adjudication/253-21/;Good Tides Hard Seltzer Packaging;4 Dec 2021
https://www.abac.org.au/adjudication/249-21/;Undercover Fashion Police NEIPA;29 Nov 2021
https://www.abac.org.au/adjudication/241-2-21/;Nightplan & Red Eye Bar Instagram posts;22 Nov 2021
https://www.abac.org.au/adjudication/243-21/;Big Shed Brewing Facebook Post;22 Nov 2021
https://www.abac.org.au/adjudication/244-21/;4 Pines Instagram & Facebook Post;22 Nov 2021
https://www.abac.org.au/adjudication/239-21/;Hard Fizz Facebook & Instagram Advertisement;15 Nov 2021
https://www.abac.org.au/adjudication/233-21/;Moon Dog Fizzer Facebook Post;8 Nov 2021
https://www.abac.org.au/adjudication/232-21/;Gin Society Instagram Post;8 Nov 2021
https://www.abac.org.au/adjudication/231-21/;The Bottle-O Television Advertisement;8 Nov 2021
https://www.abac.org.au/adjudication/235-21/;Fairy Cake Oat Cream IPA;5 Nov 2021
https://www.abac.org.au/adjudication/230-21/;Ginfinity Packaging;4 Nov 2021
https://www.abac.org.au/adjudication/229-21/;Lockdown Essentials Pack Website and Facebook Posts;2 Nov 2021
https://www.abac.org.au/adjudication/228-21/;W Seltzer Instagram Post;2 Nov 2021
https://www.abac.org.au/adjudication/225-21/;Peroni Television Advertisement;1 Nov 2021
https://www.abac.org.au/adjudication/211a-21/;Culture Kick Sour Ale Packaging;1 Nov 2021
https://www.abac.org.au/adjudication/newy-distillery-television-advertisement/;Newy Distillery Television Advertisement;29 Oct 2021
https://www.abac.org.au/adjudication/223-21/;Abermain Hotel Facebook & Instagram posts;28 Oct 2021
https://www.abac.org.au/adjudication/222-21/;Milky Lane Packaging, Website, Facebook & Instagram Posts;25 Oct 2021
https://www.abac.org.au/adjudication/219-21/;VB Television Advertisement;15 Oct 2021
https://www.abac.org.au/adjudication/213-21/;Thirsty Camel Radio Advertisements;13 Oct 2021
https://www.abac.org.au/adjudication/211b-21/;Your Mates Brewing Instagram Posts and Packaging;12 Oct 2021
https://www.abac.org.au/adjudication/214-221-and-226-21/;Smirnoff Vodka & Actual Vodka Seltzer Digital Television Advertisements;11 Oct 2021
https://www.abac.org.au/adjudication/209-21/;Lark Distilling Instagram Post;7 Oct 2021
https://www.abac.org.au/adjudication/206-21/;Wine Not The Brand Instagram Posts;4 Oct 2021
https://www.abac.org.au/adjudication/203-21/;Basic Babe Instagram Posts;2 Oct 2021
https://www.abac.org.au/adjudication/224-21/;Lord Gladstone Hotel Internet Advertisement;27 Sep 2021
https://www.abac.org.au/adjudication/207-21/;Cocktail Porter Facebook Advertisement;24 Sep 2021
https://www.abac.org.au/adjudication/205-21/;3 Ravens Brewery Facebook Advertisement;22 Sep 2021
https://www.abac.org.au/adjudication/196-21-204-21/;Dan Murphys Television and Facebook Advertisements;16 Sep 2021
https://www.abac.org.au/adjudication/196-21/;VB Instagram Posts;15 Sep 2021
https://www.abac.org.au/adjudication/201-21/;State of Light Wines Instagram Post;13 Sep 2021
https://www.abac.org.au/adjudication/193-21/;Hard Fizz Facebook & Instagram posts;13 Sep 2021
https://www.abac.org.au/adjudication/189-21/;Various brand Instagram & Facebook accounts;10 Sep 2021
https://www.abac.org.au/adjudication/bella-vista-hotel-facebook-post/;Bella Vista Hotel Facebook Post;7 Sep 2021
https://www.abac.org.au/adjudication/132-137-21/;4 Pines Ben & Jerry's Chocolate Chip Cookie Dough Inspired Nitro Beer;6 Sep 2021
https://www.abac.org.au/adjudication/200-21/;Jack Daniel's Television Advertisement;30 Aug 2021
https://www.abac.org.au/adjudication/199-21/;VB Instagram Post;30 Aug 2021
https://www.abac.org.au/adjudication/186-21/;Blackhearts & Sparrows Instagram Post;25 Aug 2021
https://www.abac.org.au/adjudication/183-187-21/;40/20 Beer Instagram and Website Posts;25 Aug 2021
https://www.abac.org.au/adjudication/180-21/;Fizzer Packaging & Facebook Post;25 Aug 2021
https://www.abac.org.au/adjudication/194-21/;Maker's Mark Television Advertisement;20 Aug 2021
https://www.abac.org.au/adjudication/178-21/;Capital Brewing Hang Loose Juice NEIPA Packaging & Facebook Post;19 Aug 2021
https://www.abac.org.au/adjudication/185-21/;Bigshot Instagram Post;18 Aug 2021
https://www.abac.org.au/adjudication/181-2-21/;VB Television Advertisement;12 Aug 2021
https://www.abac.org.au/adjudication/121-2-22/;Blackcurrant Pastille Sour Ale;9 Aug 2021
https://www.abac.org.au/adjudication/176-21/;Gooné Wine Instagram Posts;9 Aug 2021
https://www.abac.org.au/adjudication/175-21/;Lucky Bay Brewing Radio Advertisement;9 Aug 2021
https://www.abac.org.au/adjudication/169-21/;Minus 196 Double Lemon Editorials;26 Jul 2021
https://www.abac.org.au/adjudication/177-21/;Heineken 0.0 Instagram Post;26 Jul 2021
https://www.abac.org.au/adjudication/162-4-21/;Four Pillars Gin Outdoor Advertisement;21 Jul 2021
https://www.abac.org.au/adjudication/163-21/;Poetic Justice Beverages Instagram Post;20 Jul 2021
https://www.abac.org.au/adjudication/162-21/;Carlton Draught Product Placement;19 Jul 2021
https://www.abac.org.au/adjudication/144-21/;Dormilona Hemp Semillon Website;19 Jul 2021
https://www.abac.org.au/adjudication/171-21/;Grey Goose Vodka Influencer Instagram Posts;19 Jul 2021
https://www.abac.org.au/adjudication/179-21/;Bloke Instagram Post;14 Jul 2021
https://www.abac.org.au/adjudication/157-21/;Burnley Brewing TikTok Account;10 Jul 2021
https://www.abac.org.au/adjudication/151-4-21/;Dan Murphy's & Kent Street Cellars Website;9 Jul 2021
https://www.abac.org.au/adjudication/142-21/;Soursop and Indica Sour Ale Packaging & Website;5 Jul 2021
https://www.abac.org.au/adjudication/131-21/;Hairyman Pop Ale Packaging & Facebook Post;3 Jul 2021
https://www.abac.org.au/adjudication/141-21/;Tipple Electronic Direct Mail;2 Jul 2021
https://www.abac.org.au/adjudication/168-21/;Great Northern Facebook Post;29 Jun 2021
https://www.abac.org.au/adjudication/150-21/;Sleep When You're Dead Black IPA Online Marketing;29 Jun 2021
https://www.abac.org.au/adjudication/145-21/;UDL Packaging & Billboard;29 Jun 2021
https://www.abac.org.au/adjudication/vb-television-advertisement/;VB Television Advertisement;23 Jun 2021
https://www.abac.org.au/adjudication/133-5-21/;Woolshed on Hindley Instagram Posts;21 Jun 2021
https://www.abac.org.au/adjudication/129-21/;Dan Murphys Outdoor Advertisement;21 Jun 2021
https://www.abac.org.au/adjudication/125-8-21/;Ned Whisky Instagram Posts;18 Jun 2021
https://www.abac.org.au/adjudication/146-21/;Dan Murphy's Website;16 Jun 2021
https://www.abac.org.au/adjudication/138-21/;Chartreuse Instagram Post;16 Jun 2021
https://www.abac.org.au/adjudication/91-21/;Cream Soda Sour Ale Packaging;16 Jun 2021
https://www.abac.org.au/adjudication/124-139-140-21/;Bloke Lager Instagram Posts;15 Jun 2021
https://www.abac.org.au/adjudication/95-21-and-others/;Vodka Cruiser Spritz, BWS, Cellarbrations & Jack Daniels Digital Television Advertisements;8 Jun 2021
https://www.abac.org.au/adjudication/113-116-21/;Retailer Website Advertisements for Stroh Rum;8 Jun 2021
https://www.abac.org.au/adjudication/143-21/;The Cannabis Company Website;7 Jun 2021
https://www.abac.org.au/adjudication/100-21/;Pants Off Gin Packaging;7 Jun 2021
https://www.abac.org.au/adjudication/101-21/;Liquoroo Radio Advertisement;7 Jun 2021
https://www.abac.org.au/adjudication/117-120-21/;Blackflag Brewing Instagram Posts;4 Jun 2021
https://www.abac.org.au/adjudication/93-21/;Basic Babe Tik Tok Posts;1 Jun 2021
https://www.abac.org.au/adjudication/112-21/;Heineken Television Advertisement;31 May 2021
https://www.abac.org.au/adjudication/88-21/;Monkey Shoulder Whisky Instagram Post;31 May 2021
https://www.abac.org.au/adjudication/pacific-ale-instagram-post/;Pacific Ale Instagram Post;31 May 2021
https://www.abac.org.au/adjudication/59-21/;DDH Stunner Packaging;31 May 2021
https://www.abac.org.au/adjudication/148-21/;Capital Brewing XPA Instagram Post;27 May 2021
https://www.abac.org.au/adjudication/136-21/;Balter Brewing Instagram Post;27 May 2021
https://www.abac.org.au/adjudication/86-21/;Baby Brain Ale Instagram Post;26 May 2021
https://www.abac.org.au/adjudication/84-21/;Jimmy Brings Instagram Post;25 May 2021
https://www.abac.org.au/adjudication/123-21/;Cattleyard Brewing Instagram Post;24 May 2021
https://www.abac.org.au/adjudication/85-21/;Devine Cellars Instagram Post;21 May 2021
https://www.abac.org.au/adjudication/103-20-2/;Woolshed on Hindley Instagram Post;20 May 2021
https://www.abac.org.au/adjudication/bacchus-brewing-instagram-post/;Bacchus Brewing Instagram Post;18 May 2021
https://www.abac.org.au/adjudication/76-79-21/;Jimmy Brings Instagram Posts;17 May 2021
https://www.abac.org.au/adjudication/69-21/;Gage Roads Brew Co Instagram Post;14 May 2021
https://www.abac.org.au/adjudication/58-21/;Dan Murphy's Website;13 May 2021
https://www.abac.org.au/adjudication/34-21/;Newcastle Distilling Co Packaging;12 May 2021
https://www.abac.org.au/adjudication/54-21/;Gose-ade Instagram Post;12 May 2021
https://www.abac.org.au/adjudication/53-21/;Brookvale Union Seltzer Television Advertisements;10 May 2021
https://www.abac.org.au/adjudication/82-21/;Victoria Hotel Orange Radio Advertisement;10 May 2021
https://www.abac.org.au/adjudication/71-77-80-21/;Bloke In A Bar Instagram Posts;8 May 2021
https://www.abac.org.au/adjudication/73-21/;Evening Glass Off DIPA Instagram Post;6 May 2021
https://www.abac.org.au/adjudication/81-83-21/;Colonial Brewing Instagram Posts;6 May 2021
https://www.abac.org.au/adjudication/70-21/;Milo Imperial Brown Ale Instagram Post;6 May 2021
https://www.abac.org.au/adjudication/62-21/;Cattleyard Brewing Summer Red Instagram Post;6 May 2021
https://www.abac.org.au/adjudication/60-21/;VB Instagram Post;5 May 2021
https://www.abac.org.au/adjudication/33-21/;Unicorn Vodka Liqueur Packaging;5 May 2021
https://www.abac.org.au/adjudication/29-21/;Shot Bucket;28 Apr 2021
https://www.abac.org.au/adjudication/51-21/;Fireball Whisky Instagram Advertisement;27 Apr 2021
https://www.abac.org.au/adjudication/56-7-63-7-90-21/;Basic Babe Instagram Advertisements;26 Apr 2021
https://www.abac.org.au/adjudication/45-21/;James Squire, Furphy and Heineken Television Advertisements;26 Apr 2021
https://www.abac.org.au/adjudication/37-21/;BWS Outdoor Advertisement;21 Apr 2021
https://www.abac.org.au/adjudication/61-21/;Yuzu Koji Rice Lager Instagram Advertisement;17 Apr 2021
https://www.abac.org.au/adjudication/riot-wine-instagram-advertisement/;Riot Wine Instagram Advertisement;16 Apr 2021
https://www.abac.org.au/adjudication/48-9-21/;The Little Guy Bar Instagram Advertisements;16 Apr 2021
https://www.abac.org.au/adjudication/31-21/;Actual Vodka Seltzer Television Advertisement;13 Apr 2021
https://www.abac.org.au/adjudication/75-21/;Bacchus Family Wine Instagram Advertisement;12 Apr 2021
https://www.abac.org.au/adjudication/68-21/;Beach Beer Bondi Instagram Advertisement;12 Apr 2021
https://www.abac.org.au/adjudication/55-21/;Trail Pale Ale Instagram Advertisement;9 Apr 2021
https://www.abac.org.au/adjudication/30-21/;Squealing Pig Wine Television Advertisement;8 Apr 2021
https://www.abac.org.au/adjudication/25-21/;Thirsty Camel Radio Advertisement;8 Apr 2021
https://www.abac.org.au/adjudication/78-21/;NoSh Boozy Seltzer Instagram Advertisement;7 Apr 2021
https://www.abac.org.au/adjudication/36-21/;Newy Distillery Product Packaging;6 Apr 2021
https://www.abac.org.au/adjudication/40-21/;Great Northern Beer Outdoor Advertisement;6 Apr 2021
https://www.abac.org.au/adjudication/50-21/;Brewboys Crisp Ale Instagram Post;2 Apr 2021
https://www.abac.org.au/adjudication/32-21/;Brightside Distilling Triple Botanical Spirit;30 Mar 2021
https://www.abac.org.au/adjudication/26-21/;James Squire Broken Shackles Lager and Heineken Digital Television Advertisements;16 Mar 2021
https://www.abac.org.au/adjudication/vacay-alcoholic-seltzer-instagram-posts/;Vacay Alcoholic Seltzer Instagram Posts;3 Mar 2021
https://www.abac.org.au/adjudication/15-21/;Sierra Nevada Pale Ale;25 Feb 2021
https://www.abac.org.au/adjudication/20-21/;Delvi Alcoholic Seltzer Instagram Post and Pool Float;25 Feb 2021
https://www.abac.org.au/adjudication/23-21/;Daily Lager Instagram Post;22 Feb 2021
https://www.abac.org.au/adjudication/17-21/;Boozeit Instagram Advertisement;15 Feb 2021
https://www.abac.org.au/adjudication/9-21/;The Star Outdoor Advertisement;15 Feb 2021
https://www.abac.org.au/adjudication/2-21/;Stella Artois & Carlton Zero Digital Television Advertisements;12 Feb 2021
https://www.abac.org.au/adjudication/13-21/;Schnithouse Hilton Menu Item;11 Feb 2021
https://www.abac.org.au/adjudication/10-and-11-21/;Vacay Seltzer Instagram Posts;9 Feb 2021
https://www.abac.org.au/adjudication/3-21/;Get Wines Direct Digital Banner Advertisement;3 Feb 2021
https://www.abac.org.au/adjudication/201-20/;Jimmy Brings, Carlton Dry, Great Northern & Thirsty Camel Television Advertisements;1 Feb 2021
https://www.abac.org.au/adjudication/4-21/;Byron Bay Lager Television Advertisement;27 Jan 2021
https://www.abac.org.au/adjudication/liquorland-reusable-plastic-bag/;Liquorland Reusable Plastic Bag;21 Jan 2021
https://www.abac.org.au/adjudication/204-20/;Vodka Cruiser Outdoor Advertisement;21 Jan 2021
https://www.abac.org.au/adjudication/203-20/;Cheeky Monkey Packaging;21 Jan 2021
https://www.abac.org.au/adjudication/newy-distillery-gin-bauble-packaging/;Newy Distillery Gin Bauble Packaging;14 Jan 2021
https://www.abac.org.au/adjudication/186-208-20/;XXXX Gold In-Stadium & Television Marketing;14 Jan 2021
https://www.abac.org.au/adjudication/207-20/;Carlton Zero YouTube Advertisement;14 Jan 2021
https://www.abac.org.au/adjudication/193-20/;Corona Outdoor Advertisement;12 Jan 2021
https://www.abac.org.au/adjudication/169-20/;Baileys Gift Pack;8 Jan 2021
https://www.abac.org.au/adjudication/205-20/;Two Pairs Wines Instagram Post;7 Jan 2021
https://www.abac.org.au/adjudication/184-197-20/;Hard Fizz Instagram Posts;6 Jan 2021
https://www.abac.org.au/adjudication/191-192-195-20/;Bacardi Rum Outdoor Advertisements;29 Dec 2020
https://www.abac.org.au/adjudication/183-20/;The Bottle-O Television Advertisement;29 Dec 2020
https://www.abac.org.au/adjudication/xxxx-digital-radio-advertisement/;XXXX Digital Radio Advertisement;24 Dec 2020
https://www.abac.org.au/adjudication/185-20/;VB x Volley Brand Extension;21 Dec 2020
https://www.abac.org.au/adjudication/pirate-life-iiiipa-facebook-post/;Pirate Life IIIIPA Facebook Post;17 Dec 2020
https://www.abac.org.au/adjudication/mountain-culture-beer-facebook-post-window-display/;Mountain Culture Beer Facebook Post & Window Display;11 Dec 2020
https://www.abac.org.au/adjudication/171-20/;The Glenlivet Scotch Whisky Digital Television Advertisement;11 Dec 2020
https://www.abac.org.au/adjudication/172-4-and-176-20/;Hard Fizz Instagram Posts;7 Dec 2020
https://www.abac.org.au/adjudication/177-20/;BAIE Wines Facebook Post;2 Dec 2020
https://www.abac.org.au/adjudication/164-20/;Carlton Dry and Wolf Blass Television advertisements;1 Dec 2020
https://www.abac.org.au/adjudication/168-20/;Jack Daniels Television Advertisement;30 Nov 2020
https://www.abac.org.au/adjudication/162-20/;Capital Brewing Radio Advertisement;26 Nov 2020
https://www.abac.org.au/adjudication/160-20/;Little Ripples Wine Facebook Advertisement;26 Nov 2020
https://www.abac.org.au/adjudication/155-6-20/;Dan Murphys, Jim Beam & Squires Television Advertisements;26 Nov 2020
https://www.abac.org.au/adjudication/153-20/;Victoria Bitter Television Advertisement;24 Nov 2020
https://www.abac.org.au/adjudication/152-20/;Cellarbrations Television Advertisement;17 Nov 2020
https://www.abac.org.au/adjudication/150-20/;Jack Daniels Television Advertisement;16 Nov 2020
https://www.abac.org.au/adjudication/147-20/;Kingpin Bowling Alley Point of Sale Advertisements;10 Nov 2020
https://www.abac.org.au/adjudication/151-154-20/;Jimmy Brings Television Advertisement;10 Nov 2020
https://www.abac.org.au/adjudication/saintly-hard-seltzer-instagram-post/;Saintly Hard Seltzer Instagram Post;6 Nov 2020
https://www.abac.org.au/adjudication/146-20/;Juicy Juicy Grapefruit Boozy Seltzer Packaging and Instagram Post;3 Nov 2020
https://www.abac.org.au/adjudication/144-20/;Quincy Seltzer Instagram Post;16 Oct 2020
https://www.abac.org.au/adjudication/vodka-soda-gin-soda-outdoor-advertisement/;Vodka Soda & / Gin Soda & Outdoor Advertisement;2 Oct 2020
https://www.abac.org.au/adjudication/139-20/;Matso's Outdoor Advertisement;2 Oct 2020
https://www.abac.org.au/adjudication/132-20/;Pirate Life Product Placement;30 Sep 2020
https://www.abac.org.au/adjudication/141-20/;Moo Brew Instagram Post;29 Sep 2020
https://www.abac.org.au/adjudication/bloke-in-a-bar-instagram-post/;Bloke In A Bar Instagram Post;28 Sep 2020
https://www.abac.org.au/adjudication/124-20/;VB Fragrance Outdoor and Point of Sale;28 Sep 2020
https://www.abac.org.au/adjudication/120-3125-7131134-5-20/;Dan Murphys Television Advertisements;23 Sep 2020
https://www.abac.org.au/adjudication/130-20/;VB Instagram Advertisement;15 Sep 2020
https://www.abac.org.au/adjudication/133-20/;VB Instagram Advertisement;14 Sep 2020
https://www.abac.org.au/adjudication/111-20/;Byron Bay Premium Lager Television Advertisement;2 Sep 2020
https://www.abac.org.au/adjudication/aurora-fairy-floss-vodka-packaging/;Aurora & Fairy Floss Vodka Packaging;31 Aug 2020
https://www.abac.org.au/adjudication/101-20/;Currumbin Valley Brewing Breakfast Juice Packaging;25 Aug 2020
https://www.abac.org.au/adjudication/107-20/;Pirate Life Frontside Ale Product Placement;17 Aug 2020
https://www.abac.org.au/adjudication/117-20/;Fireball Whisky Facebook Advertisement;13 Aug 2020
https://www.abac.org.au/adjudication/112-20/;Juicebox IPA Packaging;11 Aug 2020
https://www.abac.org.au/adjudication/103-20/;Brookvale Union Boozy Grapefruit Seltzer Packaging;10 Aug 2020
https://www.abac.org.au/adjudication/97-20/;Pirate Life Apple & Guava Packaging;6 Aug 2020
https://www.abac.org.au/adjudication/105-20/;Hawkers Pale Ale Instagram Advertisement;4 Aug 2020
https://www.abac.org.au/adjudication/99-20/;Heineken 0.0 Television Advertisement;3 Aug 2020
https://www.abac.org.au/adjudication/subrosa-wine-packaging/;SubRosa Wine Packaging;30 Jul 2020
https://www.abac.org.au/adjudication/bws-print-advertisement/;BWS Print Advertisement;29 Jul 2020
https://www.abac.org.au/adjudication/92-20/;Village Bicycle Instagram Advertisement;28 Jul 2020
https://www.abac.org.au/adjudication/96-20/;Canadian Club Television Advertisements;28 Jul 2020
https://www.abac.org.au/adjudication/70-20/;Howler Choc Milk Stout;27 Jul 2020
https://www.abac.org.au/adjudication/88-20/;Fireball Whisky Product Placement;23 Jul 2020
https://www.abac.org.au/adjudication/84-20/;Bounty Hunter Packaging;21 Jul 2020
https://www.abac.org.au/adjudication/91-20/;Bundaberg, Tanqueray, JW & Captain Morgan Television Advertisements;20 Jul 2020
https://www.abac.org.au/adjudication/bundaberg-rum-captain-morgans-rum-television-advertisements/;Bundaberg Rum & Captain Morgan's Rum Television Advertisements;15 Jul 2020
https://www.abac.org.au/adjudication/76-20/;My 9 to 5 Medicine Wine Packaging;14 Jul 2020
https://www.abac.org.au/adjudication/93-20/;Fireball Whisky Facebook Advertisement;13 Jul 2020
https://www.abac.org.au/adjudication/86-7-20/;Colonial Brewing Co Instagram Advertisements;8 Jul 2020
https://www.abac.org.au/adjudication/boston-brewing-instagram-post/;Boston Brewing Instagram Advertisement;2 Jul 2020
https://www.abac.org.au/adjudication/81-20/;BWS Website & Facebook Advertisement;2 Jul 2020
https://www.abac.org.au/adjudication/83-20/;Fireball Whisky Facebook Advertisement;1 Jul 2020
https://www.abac.org.au/adjudication/82-20/;Bloke In A Bar Instagram Advertisement;1 Jul 2020
https://www.abac.org.au/adjudication/80-20/;Impression Gin Instagram, Website and Public Relations Marketing;27 Jun 2020
https://www.abac.org.au/adjudication/73-4-20/;Shifty Lizard Packaging & Instagram Advertisement;27 Jun 2020
https://www.abac.org.au/adjudication/77-20/;Winghaus by Bavarian Outdoor Advertisement;22 Jun 2020
https://www.abac.org.au/adjudication/69-20/;Quickie Sauvignon Blanc Packaging;16 Jun 2020
https://www.abac.org.au/adjudication/bundaberg-rum-television-advertisement/;Bundaberg Rum Television Advertisement;13 Jun 2020
https://www.abac.org.au/adjudication/60-67-20/;Fireball Whisky Instagram Advertisements;9 Jun 2020
https://www.abac.org.au/adjudication/59-20/;Gordons, Baileys & Johnnie Walker Digital Television Advertisement;9 Jun 2020
https://www.abac.org.au/adjudication/56-20/;Jimmy Brings Television Advertisement;3 Jun 2020
https://www.abac.org.au/adjudication/43-20/;Magnum + Queens Instagram Advertisement;3 Jun 2020
https://www.abac.org.au/adjudication/47-20/;Travelling Vineyard Australia Instagram Advertisement;3 Jun 2020
https://www.abac.org.au/adjudication/hugh-hamilton-wines-instagram-advertisement/;Hugh Hamilton Wines Instagram Advertisement;2 Jun 2020
https://www.abac.org.au/adjudication/milton-wines-instagram-advertisement/;Millon Wines Instagram Advertisement;28 May 2020
https://www.abac.org.au/adjudication/46-20/;Boston Brewing Peach Lemonade Packaging & Instagram Post;27 May 2020
https://www.abac.org.au/adjudication/48-20/;Boozebud Instagram Advertisement;25 May 2020
https://www.abac.org.au/adjudication/50-51-20/;Unico Zelo Instagram & Facebook Advertisement;19 May 2020
https://www.abac.org.au/adjudication/42-20/;Elbourne Wines Instagram Advertisement;19 May 2020
https://www.abac.org.au/adjudication/45-20/;Vinomofo Instagram Advertisement;18 May 2020
https://www.abac.org.au/adjudication/41-20/;Wild Turkey Digital Television Advertisement;18 May 2020
https://www.abac.org.au/adjudication/pirate-life-kiwifruit-cherry-sour-ale-website-advertisement/;Pirate Life Kiwifruit & Cherry Sour Ale Website Advertisement;18 May 2020
https://www.abac.org.au/adjudication/37-20/;Windsor Hotel Bottleshop Outdoor Advertisement;12 May 2020
https://www.abac.org.au/adjudication/52-20/;Verwood Estate Wines Facebook Advertisement;12 May 2020
https://www.abac.org.au/adjudication/53-20/;Pure Scot Instagram Advertisement;11 May 2020
https://www.abac.org.au/adjudication/35-20/;Latitude 34 Wine Company Digital Advertisement;29 Apr 2020
https://www.abac.org.au/adjudication/36-20/;Impression Gin Website & Instagram Advertisements;27 Apr 2020
https://www.abac.org.au/adjudication/28-20/;Grill'd Digital and Outdoor Advertisements;21 Apr 2020
https://www.abac.org.au/adjudication/thirsty-camel-wa-facebook-post/;Thirsty Camel WA Facebook Advertisement;14 Apr 2020
https://www.abac.org.au/adjudication/thirsty-camel-wa-facebook-posts/;Thirsty Camel WA Facebook Advertisement;6 Apr 2020
https://www.abac.org.au/adjudication/26-20/;BWS Outdoor Advertisement;30 Mar 2020
https://www.abac.org.au/adjudication/james-squire-150-lashes/;James Squire 150 Lashes;25 Mar 2020
https://www.abac.org.au/adjudication/pirate-life-instagram-post/;Pirate Life Instagram Advertisement;25 Mar 2020
https://www.abac.org.au/adjudication/22-20/;BWS Digital Advertisement;25 Mar 2020
https://www.abac.org.au/adjudication/12-20/;Booze Brothers Digital Advertisement;12 Mar 2020
https://www.abac.org.au/adjudication/19-20/;Lust Liquor Facebook Advertisements;12 Mar 2020
https://www.abac.org.au/adjudication/13-20/;Vodka Cruiser Outdoor Advertisement;10 Mar 2020
https://www.abac.org.au/adjudication/14-20/;Vodka Cruiser Instagram Marketing;4 Mar 2020
https://www.abac.org.au/adjudication/17-20/;Cocktails Nightclub Email Marketing;4 Mar 2020
https://www.abac.org.au/adjudication/16-20/;The Myrcene Hemp Gin Website;4 Mar 2020
https://www.abac.org.au/adjudication/15-20/;Cheeky Monkey Brewery Instagram Advertisements;25 Feb 2020
https://www.abac.org.au/adjudication/11-20/;Dan Murphy's Digital Catalogue;17 Feb 2020
https://www.abac.org.au/adjudication/10-20/;Mother's Milk Gin Name, Packaging & Website;17 Feb 2020
https://www.abac.org.au/adjudication/7-20/;ALDI Stores Print Catalogue;17 Feb 2020
https://www.abac.org.au/adjudication/xxxx-gold-television-advertisement-product-placement/;XXXX Gold Television Advertisement & Product Placement;30 Jan 2020
https://www.abac.org.au/adjudication/6-20/;4 Pines / Welcome to Brunswick Facebook Advertisement;28 Jan 2020
https://www.abac.org.au/adjudication/furphy-matsos-single-fin-outdoor-advertisements/;Furphy, Matsos & Single Fin Outdoor Advertisements;21 Jan 2020
https://www.abac.org.au/adjudication/127-19/;Asahi & Chivas Regal Cinema Placement;13 Jan 2020
https://www.abac.org.au/adjudication/124-19/;Feral Brewing Imperial Biggie Packaging, Website & Facebook Advertisements;13 Jan 2020
https://www.abac.org.au/adjudication/4-20/;Canadian Club Television Advertisement;9 Jan 2020
https://www.abac.org.au/adjudication/128-19/;Woolshed on Hindley Facebook Advertisement;7 Jan 2020
https://www.abac.org.au/adjudication/102-19/;Pirate Life Social Lube Product Name, Packaging and Instagram Advertisement;2 Jan 2020
https://www.abac.org.au/adjudication/122-19/;Pirate Life Instagram Advertisements;2 Jan 2020
https://www.abac.org.au/adjudication/126-19/;BrewDog Digital Advertisement;30 Dec 2019
https://www.abac.org.au/adjudication/116-19/;Poptails Packaging;24 Dec 2019
https://www.abac.org.au/adjudication/pirate-life-iced-coffee-milkshake-packaging-instagram-post/;Pirate Life Iced Coffee Milkshake Packaging & Instagram Advertisement;23 Dec 2019
https://www.abac.org.au/adjudication/120-19/;BigShots Outdoor Advertisement;21 Dec 2019
https://www.abac.org.au/adjudication/118-19/;Bundaberg Rum Brand Extension;20 Dec 2019
https://www.abac.org.au/adjudication/115-19/;BrewDog Digital Advertisements;20 Dec 2019
https://www.abac.org.au/adjudication/104-19/;Jim Beam Outdoor Advertisement;12 Dec 2019
https://www.abac.org.au/adjudication/108-19/;Woolshed on Hindley Facebook Advertisement;12 Dec 2019
https://www.abac.org.au/adjudication/114-19/;Pirate Life Instagram Advertisement;9 Dec 2019
https://www.abac.org.au/adjudication/93-19/;Feral Brewing Packaging, Website & Instagram Advertisements;6 Dec 2019
https://www.abac.org.au/adjudication/113-19/;Capital Brewing Instagram Advertisement;5 Dec 2019
https://www.abac.org.au/adjudication/90-19/;Pirate Life Instagram Advertisements;28 Nov 2019
https://www.abac.org.au/adjudication/tipple-outdoor-advertisement/;Tipple Outdoor Advertisement;27 Nov 2019
https://www.abac.org.au/adjudication/97-19/;Pirate Life Instagram Advertisement;25 Nov 2019
https://www.abac.org.au/adjudication/bws-mobile-outdoor-advertisement/;BWS Mobile Outdoor Advertisement;25 Nov 2019
https://www.abac.org.au/adjudication/91-19/;Pirate Life Digital Marketing;23 Nov 2019
https://www.abac.org.au/adjudication/92-19/;Brewdog Instagram Advertisements;19 Nov 2019
https://www.abac.org.au/adjudication/74-86-19/;Pirate Life Digital Marketing;14 Nov 2019
https://www.abac.org.au/adjudication/bundaberg-rum-brand-extension/;Bundaberg Rum Brand Extension;11 Nov 2019
https://www.abac.org.au/adjudication/75-80-81-19/;Kellogs Cornflakes Nitro Milkshake IPA;8 Nov 2019
https://www.abac.org.au/adjudication/woolshed-facebook-post/;Woolshed Facebook Advertisement;6 Nov 2019
https://www.abac.org.au/adjudication/jacobs-creek-in-flight-entertainment/;Jacobs Creek In Flight Entertainment;6 Nov 2019
https://www.abac.org.au/adjudication/84-19/;Pirate Life Acai & Passionfruit Packaging;29 Oct 2019
https://www.abac.org.au/adjudication/72-19/;Ainslie Football and Social Club Digital (EDM) Advertisement;26 Oct 2019
https://www.abac.org.au/adjudication/77-19/;Curatif Cocktails Product Name and Facebook Page;25 Oct 2019
https://www.abac.org.au/adjudication/70-19/;Liquorland Spotify Advertisement;21 Oct 2019
https://www.abac.org.au/adjudication/76-19/;Pirate Life Throwback IPA Instagram Advertisement;21 Oct 2019
https://www.abac.org.au/adjudication/61-19/;Little Fat Lamb Fantasy Packaging;17 Oct 2019
https://www.abac.org.au/adjudication/67-19/;Heineken 0.0 Outdoor Advertisement;15 Oct 2019
https://www.abac.org.au/adjudication/11-10-19/;Fixation Squish Citrus IPA Packaging;11 Oct 2019
https://www.abac.org.au/adjudication/53-19/;Joker and the Thief Packaging;7 Oct 2019
https://www.abac.org.au/adjudication/69-19/;Star Liquor Facebook Advertisement;3 Oct 2019
https://www.abac.org.au/adjudication/65-19/;Burton x Pirate Life Frontside Ale Packaging & Instagram;3 Oct 2019
https://www.abac.org.au/adjudication/62-19/;Bluey Packaging;27 Sep 2019
https://www.abac.org.au/adjudication/64-19/;James Squire One Fifty Lashes Television Advertisement;24 Sep 2019
https://www.abac.org.au/adjudication/59-19/;Jack Daniels Brand Extension;24 Sep 2019
https://www.abac.org.au/adjudication/55-19/;Glass Brasserie Print Advertisement;13 Sep 2019
https://www.abac.org.au/adjudication/58-19/;Royal Hotel Bottleshop Drouin Facebook Advertisement;10 Sep 2019
https://www.abac.org.au/adjudication/56-19/;Cellarbrations Television Advertisement;9 Sep 2019
https://www.abac.org.au/adjudication/54-19/;Liquorland Email Promotion;9 Sep 2019
https://www.abac.org.au/adjudication/52-19/;Skinny Freezers Packaging & Facebook posts;7 Sep 2019
https://www.abac.org.au/adjudication/51-19/;Birdees Facebook Advertisements;13 Aug 2019
https://www.abac.org.au/adjudication/carlton-zero-radio-advertisement/;Carlton Zero Radio Advertisement;2 Aug 2019
https://www.abac.org.au/adjudication/40-19/;Byron Bay Brewery Radio Advertisement;10 Jul 2019
https://www.abac.org.au/adjudication/36-19/;Dirty Bucha Instagram Advertisement;1 Jul 2019
https://www.abac.org.au/adjudication/34-19/;Jedi Juice Packaging;1 Jul 2019
https://www.abac.org.au/adjudication/39-19/;Hahn Television Advertisement;21 Jun 2019
https://www.abac.org.au/adjudication/37-19/;Loxton Hotel Facebook Advertisement;13 Jun 2019
https://www.abac.org.au/adjudication/33-19/;Cheeky Monkey Packaging and Digital Advertising;7 Jun 2019
https://www.abac.org.au/adjudication/carlton-zero-television-advertisement/;Carlton Zero Television Advertisement;3 Jun 2019
https://www.abac.org.au/adjudication/30-19/;Jimmy Brings Digital Advertisement;3 Jun 2019
https://www.abac.org.au/adjudication/22-19-2/;The Beverage Company Facebook Advertisement;22 May 2019
https://www.abac.org.au/adjudication/31-19/;BWS Television Advertisement;21 May 2019
https://www.abac.org.au/adjudication/28-19/;Great Northern Television Advertisement;26 Apr 2019
https://www.abac.org.au/adjudication/vodka-soda-and-influencer-instagram-posts/;Vodka Soda & Influencer Instagram Posts;23 Apr 2019
https://www.abac.org.au/adjudication/16-19/;Corona Outdoor Marketing & Facebook Posts;18 Apr 2019
https://www.abac.org.au/adjudication/17-19/;Hillside Hotel Facebook & Instagram Post;15 Apr 2019
https://www.abac.org.au/adjudication/22-19/;Sesión Tequila Instagram Advertisement;27 Mar 2019
https://www.abac.org.au/adjudication/20-19/;BWS Catalogue Advertisement;27 Mar 2019
https://www.abac.org.au/adjudication/13-19/;Liquorland & BWS Catalogue Advertisements;4 Mar 2019
https://www.abac.org.au/adjudication/9-10-19/;1573 In Stadium Signage;5 Feb 2019
https://www.abac.org.au/adjudication/2-4-19/;Iron Jack, Hahn, Canadian Club & Jim Beam Television Advertisements;5 Feb 2019
https://www.abac.org.au/adjudication/southern-bay-brewery-twitter-post/;Southern Bay Brewery Twitter Post;17 Jan 2019
https://www.abac.org.au/adjudication/151-18/;Wilde Beer Digital Advertisement;17 Dec 2018
https://www.abac.org.au/adjudication/144-146-18/;Carlton Zero Packaging & Outdoor Advertisement;13 Dec 2018
https://www.abac.org.au/adjudication/148-18/;Jim Beam Outdoor Advertisement;10 Dec 2018
https://www.abac.org.au/adjudication/147-18/;Brown Brothers Prosecco Outdoor Advertisement;10 Dec 2018
https://www.abac.org.au/adjudication/137-18/;Liquorland Print Advertisement;10 Dec 2018
https://www.abac.org.au/adjudication/139-18/;Cricketers Arms Digital Advertisement;5 Dec 2018
https://www.abac.org.au/adjudication/135-18/;Johnnie Walker Digital Television Advertisement;28 Nov 2018
https://www.abac.org.au/adjudication/134-18/;Hotel Clipper Facebook Advertisement;28 Nov 2018
https://www.abac.org.au/adjudication/128-130-18/;Premix King Digital Advertisements;27 Nov 2018
https://www.abac.org.au/adjudication/129-18/;Leon B Cabernet Sauvignon Packaging;26 Nov 2018
https://www.abac.org.au/adjudication/wild-yak-ale-outdoor-advertisement/;Wild Yak Ale Outdoor Advertisement;26 Nov 2018
https://www.abac.org.au/adjudication/124-18/;Coopers Dry Radio Advertisements;16 Nov 2018
https://www.abac.org.au/adjudication/125-18/;BWS Print Advertisement;13 Nov 2018
https://www.abac.org.au/adjudication/121-18/;Iron Jack Television Advertisement;26 Oct 2018
https://www.abac.org.au/adjudication/123-18/;Liquorland Outdoor Advertisement;25 Oct 2018
https://www.abac.org.au/adjudication/122-18/;BWS Digital advertisement;25 Oct 2018
https://www.abac.org.au/adjudication/118-18/;BWS Outdoor Advertisement;24 Oct 2018
https://www.abac.org.au/adjudication/110-18/;Furphy Beer Instagram Advertisement;18 Oct 2018
https://www.abac.org.au/adjudication/104-109-18/;Wilde Beer Instagram Advertisements;17 Oct 2018
https://www.abac.org.au/adjudication/85-103-18/;XXXX Summer Bright Lager Facebook & Instagram Advertisements;17 Oct 2018
https://www.abac.org.au/adjudication/119-18/;Mercury Cider Television Advertisement;17 Oct 2018
https://www.abac.org.au/adjudication/111-18/;Heineken 3 Television Advertisement;17 Oct 2018
https://www.abac.org.au/adjudication/82-18/;Orange C NEIPA Packaging;26 Sep 2018
https://www.abac.org.au/adjudication/80-18/;The Bavarian Outdoor Advertisement;31 Aug 2018
https://www.abac.org.au/adjudication/79-18/;Philter Beer Digital Advertisement;10 Aug 2018
https://www.abac.org.au/adjudication/77-18/;Jacobs Creek Television Advertisement;10 Aug 2018
https://www.abac.org.au/adjudication/76-18/;Mackie Road Supermarket Outdoor Advertisements;10 Aug 2018
https://www.abac.org.au/adjudication/75-18/;Johnnie Walker Television Advertisement;6 Aug 2018
https://www.abac.org.au/adjudication/74-18/;Furphy Outdoor Advertisement;2 Aug 2018
https://www.abac.org.au/adjudication/73-18/;Coffee & Wine Co Digital Advertisement;2 Aug 2018
https://www.abac.org.au/adjudication/72-18/;Iron Jack Television Advertisement;30 Jul 2018
https://www.abac.org.au/adjudication/70-71-18/;Merivale Digital & Print Advertisements;25 Jul 2018
https://www.abac.org.au/adjudication/68-18/;Ri-beer-na Packaging;21 Jun 2018
https://www.abac.org.au/adjudication/61-18/;Little Fat Lamb Facebook Pages;12 Jun 2018
https://www.abac.org.au/adjudication/64-18/;Wild Turkey Television Advertisement;8 Jun 2018
https://www.abac.org.au/adjudication/56-18/;Carlton Draught Product Placement;28 May 2018
https://www.abac.org.au/adjudication/53-18/;Iron Jack Television Advertisement;21 May 2018
https://www.abac.org.au/adjudication/54-18/;My Bottleshop Digital Advertisement;11 May 2018
https://www.abac.org.au/adjudication/52-18/;Coopers Outdoor Advertisement;11 May 2018
https://www.abac.org.au/adjudication/51-18/;Alby Beer Digital Advertisement;7 May 2018
https://www.abac.org.au/adjudication/49-18/;Great Northern Television Advertisement;3 May 2018
https://www.abac.org.au/adjudication/48-18/;Charlie's Liquor Barn Facebook Advertisements;16 Apr 2018
https://www.abac.org.au/adjudication/37-18/;Smirnoff Outdoor Advertisement;12 Apr 2018
https://www.abac.org.au/adjudication/29-30-18/;5 Seeds Cider Instagram Advertisements;9 Apr 2018
https://www.abac.org.au/adjudication/44-18/;Spirit Bar & Lounge Traralgon;9 Apr 2018
https://www.abac.org.au/adjudication/41-18/;Somersby Cider Instagram Advertisement;9 Apr 2018
https://www.abac.org.au/adjudication/38-18/;Smirnoff Television Advertisement;9 Apr 2018
https://www.abac.org.au/adjudication/33-18/;Premix King Facebook Advertisements;9 Apr 2018
https://www.abac.org.au/adjudication/32-18/;XXXX In Stadium Advertisements;9 Apr 2018
https://www.abac.org.au/adjudication/40-18/;VB Television Advertisement;29 Mar 2018
https://www.abac.org.au/adjudication/34-18/;Liquor Barons Outdoor Advertisement;26 Mar 2018
https://www.abac.org.au/adjudication/27-18/;Moon Dog Brewery Point of Sale;22 Mar 2018
https://www.abac.org.au/adjudication/14-15-18/;Canadian Club, Jacobs Creek & Liquorland Television & In-stadium Advertisements;14 Mar 2018
https://www.abac.org.au/adjudication/12-18/;Smirnoff Instagram Advertisement;14 Mar 2018
https://www.abac.org.au/adjudication/11-18/;VB Instagram Advertisement;9 Mar 2018
https://www.abac.org.au/adjudication/8-18/;Wolf Blass Outdoor Advertisement;1 Mar 2018
https://www.abac.org.au/adjudication/6-18/;Liquorland Spotify Advertisements;9 Feb 2018
https://www.abac.org.au/adjudication/9-18/;XXXX Television Advertisement;6 Feb 2018
https://www.abac.org.au/adjudication/2-18/;Carlton Television Advertisement;6 Feb 2018
https://www.abac.org.au/adjudication/129-17-1-18/;Kiss The Girls Wine Packaging/ALDI Catalogue;5 Feb 2018
https://www.abac.org.au/adjudication/4-18/;Mornington Peninsula Food + Wine Festival Digital & Outdoor Advertisements;1 Feb 2018
https://www.abac.org.au/adjudication/130-17/;Strongbow Cider Facebook post;10 Jan 2018
https://www.abac.org.au/adjudication/127-17/;Jim Beam Outdoor Advertisement;10 Jan 2018
https://www.abac.org.au/adjudication/heineken-3-instagram-advertisement/;Heineken 3 Instagram Advertisement;10 Jan 2018
https://www.abac.org.au/adjudication/bws-radio-advertisement/;BWS Radio Advertisement;10 Jan 2018
https://www.abac.org.au/adjudication/122-17/;BWS Radio Advertisement;10 Jan 2018
https://www.abac.org.au/adjudication/123-17/;Cellarbrations Radio Advertisement;10 Jan 2018
https://www.abac.org.au/adjudication/128-17/;Johnnie Walker Outdoor Advertisement;4 Jan 2018
https://www.abac.org.au/adjudication/117-17/;Carlton Draught Digital Advertisement;4 Jan 2018
https://www.abac.org.au/adjudication/121-17/;XXXX Television Advertisement;21 Dec 2017
https://www.abac.org.au/adjudication/116-17/;Vodka Cruiser YouTube Advertisement;21 Dec 2017
https://www.abac.org.au/adjudication/119-17/;Angry Cock Cider Packaging;14 Dec 2017
https://www.abac.org.au/adjudication/118-17/;Glenmorangie Whisky Cinema Advertisement;14 Dec 2017
https://www.abac.org.au/adjudication/115-17/;Heineken Outdoor Advertisements;8 Dec 2017
https://www.abac.org.au/adjudication/110-17/;Liquor Barons outdoor advertisement;24 Nov 2017
https://www.abac.org.au/adjudication/102-17/;Carlton Draught stadium/digital promotion;9 Nov 2017
https://www.abac.org.au/adjudication/mothers-milk-shiraz-packaging/;Mother's Milk Shiraz packaging;7 Nov 2017
https://www.abac.org.au/adjudication/heineken-3-outdoor-advertisement/;Heineken 3 outdoor advertisement;7 Nov 2017
https://www.abac.org.au/adjudication/103-4-17/;Hahn Superdry television advertisement;7 Nov 2017
https://www.abac.org.au/adjudication/100-17/;Bundaberg Rum outdoor advertisement;20 Oct 2017
https://www.abac.org.au/adjudication/99-17/;Carlton Draught "Front Bar" product placement;17 Oct 2017
https://www.abac.org.au/adjudication/98-17/;Carlton Dry Digital Advertisement;22 Sep 2017
https://www.abac.org.au/adjudication/97-17/;Carlton Draught Television Advertisement;6 Sep 2017
https://www.abac.org.au/adjudication/94-17/;Boozebud Electronic Direct Mail Advertisement;25 Jul 2017
https://www.abac.org.au/adjudication/91-93-17/;Vodka Cruiser Facebook Advertisement;24 Jul 2017
https://www.abac.org.au/adjudication/89-17/;Cellarbrations Radio Advertisement;13 Jul 2017
https://www.abac.org.au/adjudication/88-17/;Vodka Cruiser Instagram advertisement;22 Jun 2017
https://www.abac.org.au/adjudication/83-17/;Bundaberg Rum Television Advertisement;6 Jun 2017
https://www.abac.org.au/adjudication/85-17/;XXXX Gold Television Advertisement;5 Jun 2017
https://www.abac.org.au/adjudication/82-84-17/;Pure Blonde Television and Digital advertisements;30 May 2017
https://www.abac.org.au/adjudication/80-17/;Jameson Whiskey Digital Advertisement;16 May 2017
https://www.abac.org.au/adjudication/78-17/;Carlton Draught Television Product Placement;15 May 2017
https://www.abac.org.au/adjudication/77-17/;Beluga Gold Line Vodka Product Placement;1 May 2017
https://www.abac.org.au/adjudication/68-17/;Heineken Television Advertisement;22 Mar 2017
https://www.abac.org.au/adjudication/67-73-17/;Captain Morgan Outdoor Advertisement;22 Mar 2017
https://www.abac.org.au/adjudication/65-17/;Dan Murphy's Digital Advertisement;7 Mar 2017
https://www.abac.org.au/adjudication/61-17/;Smirnoff Outdoor Advertisement;28 Feb 2017
https://www.abac.org.au/adjudication/49-17/;Liquorland Television Advertisement;22 Feb 2017
https://www.abac.org.au/adjudication/40-50-17/;Liquorland Television Advertisement;20 Feb 2017
https://www.abac.org.au/adjudication/23-17/;Cellarbrations Digital Advertisement;30 Jan 2017
https://www.abac.org.au/adjudication/35-17/;Fireball Whisky Digital Advertisement;23 Jan 2017
https://www.abac.org.au/adjudication/18-17/;Liquorland Television Advertisement;19 Jan 2017
https://www.abac.org.au/adjudication/137-8-16/;XXXX Gold Television Advertisement;14 Jan 2017
https://www.abac.org.au/adjudication/133-16/;Smirnoff Digital Advertisement;11 Jan 2017
https://www.abac.org.au/adjudication/134-16/;XXXX Gold Outdoor Advertisement;20 Dec 2016
https://www.abac.org.au/adjudication/128-16/;Mumm Champagne Digital Advertisement;20 Dec 2016
https://www.abac.org.au/adjudication/126-16/;Smirnoff Outdoor Advertisements;20 Dec 2016
https://www.abac.org.au/adjudication/119-16/;Little Dove Pale Ale Digital Advertisement;1 Dec 2016
https://www.abac.org.au/adjudication/120-122-125-16/;Hahn Television Advertisement;21 Nov 2016
https://www.abac.org.au/adjudication/115-16/;Wild Turkey Television Advertisements;9 Nov 2016
https://www.abac.org.au/adjudication/114-16/;Smirnoff Outdoor Advertisement;4 Nov 2016
https://www.abac.org.au/adjudication/113-16/;Cherry Popper Packaging;31 Oct 2016
https://www.abac.org.au/adjudication/109-16/;Jim Beam Television Advertisement;20 Oct 2016
https://www.abac.org.au/adjudication/74b-16/;VB Blue Print & Digital Advertisements;13 Oct 2016
https://www.abac.org.au/adjudication/102-16/;Vinomofo Digital Advertisement;8 Sep 2016
https://www.abac.org.au/adjudication/74a-16/;VB Blue Packaging;8 Sep 2016
https://www.abac.org.au/adjudication/95-16/;Stockade Brew Co Digital Advertisement;12 Aug 2016
https://www.abac.org.au/adjudication/85-87-16/;Rydges Digital Advertisements;11 Aug 2016
https://www.abac.org.au/adjudication/70-71-16/;Liquorland & BWS Digital & Print Advertisements;30 Jun 2016
https://www.abac.org.au/adjudication/65-16/;XXXX Summer Bright Lager Outdoor Advertisement;4 Jun 2016
https://www.abac.org.au/adjudication/66-16/;Australian Brewery Cinema Advertisement;27 May 2016
https://www.abac.org.au/adjudication/57-16/;Vodka Plus Digital Advertisement;18 May 2016
https://www.abac.org.au/adjudication/46-16/;The Crafty Bavarian Digital Advertisement;6 May 2016
https://www.abac.org.au/adjudication/56-16/;Jacobs Creek Digital Advertisement;3 May 2016
https://www.abac.org.au/adjudication/51-55-16/;Lion Brands Radio, Digital and Outdoor Advertisements;3 May 2016
https://www.abac.org.au/adjudication/n3-tapas-bar-digital-advertisement/;N3 Tapas Bar Digital Advertisement;22 Apr 2016
https://www.abac.org.au/adjudication/44-16/;Thirsty Camel Radio & Digital Advertisement;15 Apr 2016
https://www.abac.org.au/adjudication/36-7-16/;Bright Brewery Point of Sale and Digital Advertisement;3 Mar 2016
https://www.abac.org.au/adjudication/35-16/;Hahn Ultra Digital Advertisement;3 Mar 2016
https://www.abac.org.au/adjudication/27-29-16/;Pure Blonde Television and Digital Advertisements;1 Mar 2016
https://www.abac.org.au/adjudication/24-16/;Carlton Dry Digital Advertisement;1 Mar 2016
https://www.abac.org.au/adjudication/30-16/;Barwon Heads Wine Store Outdoor Advertisement;12 Feb 2016
https://www.abac.org.au/adjudication/1825-16/;Great Northern Beer Television Advertisement;12 Feb 2016
https://www.abac.org.au/adjudication/7-16/;Carlton Dry Television Advertisement;9 Feb 2016
https://www.abac.org.au/adjudication/6-16/;Johnnie Walker Television Advertisement;8 Feb 2016
https://www.abac.org.au/adjudication/9-14-16/;Jimmy Brings Print Advertisement;29 Jan 2016
https://www.abac.org.au/adjudication/127-15/;XXXX Television Advertisement;22 Dec 2015
https://www.abac.org.au/adjudication/125-15/;Pimms, Johnnie Walker & Tanqueray Television Advertisements;3 Dec 2015
https://www.abac.org.au/adjudication/118-119-15/;Munich Brauhaus & Bavarian Bier Cafe Outdoor Advertisements;3 Dec 2015
https://www.abac.org.au/adjudication/117-15/;VB Digital Advertisement;19 Nov 2015
https://www.abac.org.au/adjudication/113-15/;Munich Brauhaus Outdoor Advertisements;11 Nov 2015
https://www.abac.org.au/adjudication/101-15/;Bavarian Bier Cafe Outdoor Advertisement;27 Oct 2015
https://www.abac.org.au/adjudication/112-15/;Pure Blonde Digital Advertisement;15 Oct 2015
https://www.abac.org.au/adjudication/96-15/;Substation No 41 Digital Advertisement;30 Sep 2015
https://www.abac.org.au/adjudication/97-15/;Lemon Ed Outdoor Advertisement;22 Sep 2015
https://www.abac.org.au/adjudication/95-15/;Liquorland Outdoor Advertisement;11 Sep 2015
https://www.abac.org.au/adjudication/88-15/;Hahn Superdry Television Advertisement;1 Sep 2015
https://www.abac.org.au/adjudication/87-15/;ALDI Liquor Digital Marketing Communication;25 Aug 2015
https://www.abac.org.au/adjudication/pimms-television-advertisement/;Pimms Television Advertisement;19 Aug 2015
https://www.abac.org.au/adjudication/83-15/;Tanqueray Gin Television Advertisement;11 Aug 2015
https://www.abac.org.au/adjudication/68-15/;VB Logo on Rugby Uniforms;4 Jun 2015
https://www.abac.org.au/adjudication/71-15/;IGA Liquor Outdoor Advertisement;3 Jun 2015
https://www.abac.org.au/adjudication/67-15/;Jack Daniels Digital Advertisement;29 May 2015
https://www.abac.org.au/adjudication/59-66-15/;Lowenbrau Keller Outdoor and Digital advertisements;22 May 2015
https://www.abac.org.au/adjudication/56-15/;VB Television Advertisement;15 May 2015
https://www.abac.org.au/adjudication/45-15/;Bundaberg Rum Television Advertisement;4 May 2015
https://www.abac.org.au/adjudication/43-15/;Liquor Legends Outdoor Advertisement;4 May 2015
https://www.abac.org.au/adjudication/40-1/;Schweppes, Johnnie Walker & Smirnoff Cinema Advertisements;24 Apr 2015
https://www.abac.org.au/adjudication/31-1/;Little Fat Lamb Cider Packaging;22 Apr 2015
https://www.abac.org.au/adjudication/46-15/;Soho Bar Facebook advertisement;21 Apr 2015
https://www.abac.org.au/adjudication/34-15/;XXXX Gold Television Advertisement;9 Apr 2015
https://www.abac.org.au/adjudication/12-15-20-23-15/;BWS & Liquorland Print & Television Marketing;27 Mar 2015
https://www.abac.org.au/adjudication/14-1/;Adelaide Casino Television Advertisement;2 Mar 2015
https://www.abac.org.au/adjudication/24-15/;XXXX Gold Outdoor Advertisement;23 Feb 2015
https://www.abac.org.au/adjudication/2-15/;ALDI French Champagne Television Advertisement;14 Jan 2015
https://www.abac.org.au/adjudication/88-14/;XXXX Gold Television Advertisement;6 Jan 2015
https://www.abac.org.au/adjudication/82-86-90-14/;BWS Television and Website Advertisements;23 Dec 2014
https://www.abac.org.au/adjudication/81-14/;Birthday Cake Vineyards Wine Youtube Music Video Clip;19 Dec 2014
https://www.abac.org.au/adjudication/75-14/;Johnnie Walker - Television Advertisement;18 Nov 2014
https://www.abac.org.au/adjudication/73-14/;Bundaberg Rum - Television Advertisement;10 Nov 2014
https://www.abac.org.au/adjudication/67-14/;Canadian Club Television Advertisement;27 Oct 2014
https://www.abac.org.au/adjudication/65-14/;Southern Comfort Television Advertisement;13 Oct 2014
https://www.abac.org.au/adjudication/61-62-14/;Dan Murphys Outdoor Advertisements;22 Sep 2014
https://www.abac.org.au/adjudication/60-63-14/;Jelly Time Jelly Shots Digital and Outdoor Advertisements;18 Sep 2014
https://www.abac.org.au/adjudication/59-14/;Asahi Television Advertisement;18 Sep 2014
https://www.abac.org.au/adjudication/37b-1/;Duff Beer Digital Advertisements;2 Sep 2014
https://www.abac.org.au/adjudication/37a-14/;Duff Beer Product Material;2 Sep 2014
https://www.abac.org.au/adjudication/44-1/;Wild Turkey Bourbon Signage;12 Aug 2014
https://www.abac.org.au/adjudication/38-14/;Jaegermeister Digital Advertisement;12 Aug 2014
https://www.abac.org.au/adjudication/42-1/;Tooheys New Television Advertisement;12 Aug 2014
https://www.abac.org.au/adjudication/40-14/;VB Print Advertisement;18 Jul 2014
https://www.abac.org.au/adjudication/32-14/;Carlton Mid Television Advertisement;19 Jun 2014
https://www.abac.org.au/adjudication/28-29-30-31-33-14/;Canadian Club Television Advertisement;19 Jun 2014
https://www.abac.org.au/adjudication/27-1/;Jim Beam Poster Advertisement;27 May 2014
https://www.abac.org.au/adjudication/20-14/;Jim Beam Television Advertisement;28 Apr 2014
https://www.abac.org.au/adjudication/18-14/;Corona Outdoor Advertisement;14 Apr 2014
https://www.abac.org.au/adjudication/15-14/;Strongbow Cider - Television Advertisement;28 Mar 2014
https://www.abac.org.au/adjudication/10-14/;Whitehorse Liquor - Outdoor Advertisement;28 Mar 2014
https://www.abac.org.au/adjudication/16-1xxxx-television-advertisement/;XXXX - Television Advertisement;28 Mar 2014
https://www.abac.org.au/adjudication/7-1/;Jim Beam - Television Advertisement;27 Mar 2014
https://www.abac.org.au/adjudication/1-1vb-carlton-cold-crown-lager-television-advertisements/;VB Carlton Cold Crown Lager - Television advertisements;28 Jan 2014
https://www.abac.org.au/adjudication/2-1/;Victoria Bitter Television Advertisement;23 Jan 2014
https://www.abac.org.au/adjudication/182-13/;Carlton Dry Television Advertisement;23 Jan 2014
https://www.abac.org.au/adjudication/168-13/;Smirnoff Outdoor Advertisement;10 Jan 2014
https://www.abac.org.au/adjudication/137-13/;Smirnoff Television Advertisement;10 Jan 2014
https://www.abac.org.au/adjudication/161-13/;Thirsty Camel - Outdoor Advertisement;23 Dec 2013
https://www.abac.org.au/adjudication/130-13/;Schweppes/Bacardi - Television Advertisement;23 Dec 2013
https://www.abac.org.au/adjudication/135-13/;BWS - Television Advertisement;19 Dec 2013
https://www.abac.org.au/adjudication/115-119-122-125-134-140-143-13/;Tooheys Extra Dry - Television & Outdoor Advertisement;19 Dec 2013
https://www.abac.org.au/adjudication/95-13/;Carlton Draught Television Advertisement;13 Dec 2013
https://www.abac.org.au/adjudication/98-1/;Oktoberfest - Internet;6 Nov 2013
https://www.abac.org.au/adjudication/club-eastside/;Club Eastside - Television;25 Oct 2013
https://www.abac.org.au/adjudication/89-13/;Carlton Draught -Sponsorship;7 Oct 2013
https://www.abac.org.au/adjudication/90-1390-1tap-king-television-advertisement/;Tap King - Television Advertisement;1 Oct 2013
https://www.abac.org.au/adjudication/91-13/;Jimmy Brings - Outdoor Advertisement;20 Sep 2013
https://www.abac.org.au/adjudication/81-13/;Absolut Vodka Digital Advertisement;14 Aug 2013
https://www.abac.org.au/adjudication/85-1/;Liquorland Television Advertisement;13 Aug 2013
https://www.abac.org.au/adjudication/82-13/;Liquorland Television Advertisement;13 Aug 2013
https://www.abac.org.au/adjudication/74-13/;Coopers Radio Advertisement;9 Aug 2013
https://www.abac.org.au/adjudication/79-13/;Liquorland Television Advertisement;9 Aug 2013
https://www.abac.org.au/adjudication/72-1/;Heineken Television Advertisement;1 Aug 2013
https://www.abac.org.au/adjudication/liquorland-digital-advertisement/;Liquorland Digital Advertisement;30 Jul 2013
https://www.abac.org.au/adjudication/76-13/;Liquorland Print Advertisement;23 Jul 2013
https://www.abac.org.au/adjudication/71-13/;Liquorland Television Advertisement;15 Jul 2013
https://www.abac.org.au/adjudication/62-13/;Bottlemart Television Advertisements;7 Jun 2013
https://www.abac.org.au/adjudication/6513/;Bottlemart Print Advertisement;4 Jun 2013
https://www.abac.org.au/adjudication/53-13/;J&B Scotch Whisky Outdoor Advertisements;2 May 2013
https://www.abac.org.au/adjudication/carlton-draught-television-advertisement/;Carlton Draught Television Advertisement;2 May 2013
https://www.abac.org.au/adjudication/vb-television-advertisement-2/;VB Television Advertisement;2 May 2013
https://www.abac.org.au/adjudication/41-13-determination-harry-brown-21-march-2013/;Harry Brown Liquor Print Advertisement;21 Mar 2013
https://www.abac.org.au/adjudication/35-13-determination-great-northern-beer-19-march-2013/;Great Northern Beer Television Advertisement;19 Mar 2013
https://www.abac.org.au/adjudication/5-713142325-31-2013-final-determination-liquorland-14-march-2013/;Liquorland Television Advertisement;14 Mar 2013
https://www.abac.org.au/adjudication/21-13-final-determination-cellarbrations-14-march-2013/;Cellarbrations Print Advertisement;14 Mar 2013
https://www.abac.org.au/adjudication/17-13-final-determination-bottle-o-14-march-2013/;Bottle-O Print Advertisement;14 Mar 2013
https://www.abac.org.au/adjudication/9-1232-13-determination-vb-18-february-2013/;VB Television Advertisement;18 Feb 2013
https://www.abac.org.au/adjudication/96-12-determination-vb-11-february-2013/;VB Television Advertisement;11 Feb 2013
https://www.abac.org.au/adjudication/3-13-determination-corona-11-february-2013/;Corona Cinema Advertisement;11 Feb 2013
https://www.abac.org.au/adjudication/1-2-13-determination-carlton-dry-11-february-2013/;Carlton Dry Outdoor Advertisement;11 Feb 2013
https://www.abac.org.au/adjudication/4-13-final-determination-electric-playground-24-january-2013/;Electric Playground Digital Advertisemnet;24 Jan 2013
https://www.abac.org.au/adjudication/95-12-determination-corona-11-january-2013/;Corona Outdoor Advertisement;11 Jan 2013
https://www.abac.org.au/adjudication/8488-1/;Liquorland Print Advertisement;21 Dec 2012
https://www.abac.org.au/adjudication/83-1/;Hix Beer Outdoor Advertisement;21 Dec 2012
https://www.abac.org.au/adjudication/85-12/;Bottlemart Television Advertisement;7 Dec 2012
https://www.abac.org.au/adjudication/82-12/;Schweppes Outdoor Advertisement;7 Dec 2012
https://www.abac.org.au/adjudication/80-12/;1st Choice Liquor Print Advertisement;3 Dec 2012
https://www.abac.org.au/adjudication/74-12-2/;Absolut Vodka Digital Advertisement;27 Nov 2012
https://www.abac.org.au/adjudication/73-12b/;Three Bears Wine Print Advertisement;26 Nov 2012
https://www.abac.org.au/adjudication/73-12/;Three Bears Wine Packaging;26 Nov 2012
https://www.abac.org.au/adjudication/74-12/;Carlton Dry Digital Advertisement;22 Nov 2012
https://www.abac.org.au/adjudication/76-1/;Midori Outdoor Advertisement;7 Nov 2012
https://www.abac.org.au/adjudication/67-12/;BWS Print Advertisement;28 Sep 2012
https://www.abac.org.au/adjudication/64-12/;Bundaberg Rum & BWS Outdoor & Broadcast Advertisement;20 Aug 2012
https://www.abac.org.au/adjudication/59-12/;Smirnoff Digital Advertisement;16 Aug 2012
https://www.abac.org.au/adjudication/58-12/;VB Digital Advertisement;16 Aug 2012
https://www.abac.org.au/adjudication/57-12/;Jack Daniels Honey Digital Advertisement;16 Aug 2012
https://www.abac.org.au/adjudication/63-12/;Tooheys New Outdoor Advertisement;13 Aug 2012
https://www.abac.org.au/adjudication/61-12/;Tooheys Extra Dry Television Advertisement;3 Aug 2012
https://www.abac.org.au/adjudication/56-12/;Vodka Cruiser Digital Advertisement;3 Aug 2012
https://www.abac.org.au/adjudication/52-12/;Carlton Mid Television Advertisement;23 Jul 2012
https://www.abac.org.au/adjudication/50-51-53-55-12/;Carlton Mid Print Advertisements;23 Jul 2012
https://www.abac.org.au/adjudication/47-12/;Canadian Club Television Advertisement;14 Jun 2012
https://www.abac.org.au/adjudication/45-12/;Belvedere Vodka Print Advertisement;21 May 2012
https://www.abac.org.au/adjudication/43-12/;Schweppes Cinema Advertisement;1 May 2012
https://www.abac.org.au/adjudication/41-12/;Carlton Draught Live Sport Announcement;1 May 2012
https://www.abac.org.au/adjudication/32-35-7-44-12/;Jim Beam Television Advertisements;1 May 2012
https://www.abac.org.au/adjudication/81-12/;Budweiser Outdoor Advertisement;27 Apr 2012
https://www.abac.org.au/adjudication/29-12/;Wild Turkey Radio Advertisement;16 Apr 2012
https://www.abac.org.au/adjudication/20-12/;Bundaberg Five Outdoor Advertisement;27 Mar 2012
https://www.abac.org.au/adjudication/104-107-11/;Skinnygirl Cocktails Print Advertisement;26 Mar 2012
https://www.abac.org.au/adjudication/18-12/;Strongbow Television Advertisement;22 Mar 2012
https://www.abac.org.au/adjudication/104-106-11/;Skinnygirl Cocktails Packaging;22 Mar 2012
https://www.abac.org.au/adjudication/13-12/;Liquorland Print Advertisement;16 Feb 2012
https://www.abac.org.au/adjudication/119-11-8-12-9-12-12-12/;Carlton Dry Outdoor Advertisement;16 Feb 2012
https://www.abac.org.au/adjudication/112-11/;Bacchus Shot Bucket Packaging;13 Feb 2012
https://www.abac.org.au/adjudication/5-12/;Woolworths Liquor Television Advertisement;19 Jan 2012
https://www.abac.org.au/adjudication/6-12/;XXXX Summer Bright Lager Digital Advertisement;18 Jan 2012
https://www.abac.org.au/adjudication/118-11/;Crown Lager Digital Advertisement;14 Jan 2012
https://www.abac.org.au/adjudication/2-12/;Heineken Television Advertisement;14 Jan 2012
https://www.abac.org.au/adjudication/112-11c/;Liquor Home Delivery Catalogue Print and Digital Advertisement;12 Jan 2012
https://www.abac.org.au/adjudication/112-11a/;Midori Packaging;12 Jan 2012
https://www.abac.org.au/adjudication/91-11/;SKKY Vodka & Thirsty Camel Digital Advertisement;23 Dec 2011
https://www.abac.org.au/adjudication/115-11-final-determination-fat-yak-23-december-2011/;Fat Yak Pale Ale Outdoor Advertisement;23 Dec 2011
https://www.abac.org.au/adjudication/113-11/;Peroni Nastro Azzuro Beer Print Advertisement;23 Dec 2011
https://www.abac.org.au/adjudication/102-11/;Bolt Lager Outdoor Advertisement;23 Dec 2011
https://www.abac.org.au/adjudication/101-11/;Crabbies Ginger Beer Print Advertisement;23 Dec 2011
https://www.abac.org.au/adjudication/103-11/;Chandon Print Advertisement;21 Dec 2011
https://www.abac.org.au/adjudication/100-11/;Johnnie Walker Digital Advertisement;15 Dec 2011
https://www.abac.org.au/adjudication/90-11/;Thirsty Camel Digital Advertisement;12 Dec 2011
https://www.abac.org.au/adjudication/93-11/;Liquor Barons Print Advertisement;23 Nov 2011
https://www.abac.org.au/adjudication/92-11/;eLiquorDirect Digital Advertisement;23 Nov 2011
https://www.abac.org.au/adjudication/85-11/;Midori Product Placement;8 Nov 2011
https://www.abac.org.au/adjudication/88-11/;Woolworths Liquor Television Advertisement;26 Oct 2011
https://www.abac.org.au/adjudication/84-11/;Wild Turkey Television Advertisement;26 Oct 2011
https://www.abac.org.au/adjudication/76-7-11/;DanMurphys Outdoor Advertisements;30 Sep 2011
https://www.abac.org.au/adjudication/75-11/;Corona Cinema Advertisement;30 Sep 2011
https://www.abac.org.au/adjudication/71-11/;West End Television Advertisement;16 Sep 2011
https://www.abac.org.au/adjudication/70-11/;CUB Television Advertisement;16 Sep 2011
https://www.abac.org.au/adjudication/69-11/;Bundaberg Five Television Advertisement;8 Sep 2011
https://www.abac.org.au/adjudication/63-11/;Schweppes Johnnie Walker Television Advertisement;8 Sep 2011
https://www.abac.org.au/adjudication/61-11/;Little Bottlers Jim Beam Print Advertisement;8 Sep 2011
https://www.abac.org.au/adjudication/62-11/;Infused Rush Vodka Print Advertisement;22 Aug 2011
https://www.abac.org.au/adjudication/66-7-11/;Old Coast Road Brewery Print Advertisement;17 Aug 2011
https://www.abac.org.au/adjudication/60-11/;Virgin Wines Digital Advertisement;17 Aug 2011
https://www.abac.org.au/adjudication/48-11/;1st Choice Liquor Radio Advertisement;13 Jul 2011
https://www.abac.org.au/adjudication/54-11/;Corona Cinema Advertisement;12 Jul 2011
https://www.abac.org.au/adjudication/41-11/;Carlton Draught Television Advertisement;5 Jul 2011
https://www.abac.org.au/adjudication/42-3-11/;West Kempsey Hotel Print & Outdoor Advertisement;1 Jul 2011
https://www.abac.org.au/adjudication/27-11/;Maxx Blonde Beer Digital Advertisement;27 May 2011
https://www.abac.org.au/adjudication/35-11/;Dry Dock Premium Lager Outdoor Advertisement;26 May 2011
https://www.abac.org.au/adjudication/29-34-37-11/;Thirsty Camel Television Advertisement;13 May 2011
https://www.abac.org.au/adjudication/24-11/;Sol Beer Digital Advertisement;14 Apr 2011
https://www.abac.org.au/adjudication/22-11-final-determination-thirsty-camel-25-march-2011/;Thirsty Camel Print & Digital Advertisement;25 Mar 2011
https://www.abac.org.au/adjudication/7-8-11/;Jim Beam Digital Advertisement;21 Feb 2011
https://www.abac.org.au/adjudication/16-11/;Jack Daniels Outdoor Advertisement;21 Feb 2011
https://www.abac.org.au/adjudication/142021-11/;VB Beer Television Advertisement;21 Feb 2011
https://www.abac.org.au/adjudication/13-11/;Bundaberg Rum Television Advertisement;11 Feb 2011
https://www.abac.org.au/adjudication/10-1/;Three Kings Digital Advertisement;10 Feb 2011
https://www.abac.org.au/adjudication/82-86-10/;Three Kings Print Advertisement;2 Feb 2011
https://www.abac.org.au/adjudication/4-11-bacardi-final-confidential-determination-25-january-2011/;Bacardi Television Advertisement;25 Jan 2011
https://www.abac.org.au/adjudication/80-10/;Liquor Barons Print Advertisement;7 Jan 2011
https://www.abac.org.au/adjudication/79-10/;Bundaberg Rum & Yellowglen Outdoor Advertisements;7 Jan 2011
https://www.abac.org.au/adjudication/83-10/;Agwa de Bolivia Digital Advertisement;24 Dec 2010
https://www.abac.org.au/adjudication/84-10/;XXXX Gold Television Advertisement;23 Dec 2010
https://www.abac.org.au/adjudication/78-10/;Tasmanian Lager Outdoor Advertisement;17 Dec 2010
https://www.abac.org.au/adjudication/76-10/;Three Kings Outdoor Advertisements;17 Dec 2010
https://www.abac.org.au/adjudication/75-10/;VB Radio Advertisement;17 Dec 2010
https://www.abac.org.au/adjudication/69-70-10/;Bundaberg Rum Television Advertisements;17 Dec 2010
https://www.abac.org.au/adjudication/52-10/;Johnnie Walker Twenty20 Cricket Print & Digital Advertisement;17 Dec 2010
https://www.abac.org.au/adjudication/53-10/;Smirnoff Television Advertisement;29 Nov 2010
https://www.abac.org.au/adjudication/49-10/;Bundaberg Red Rum Outdoor Advertisement;11 Nov 2010
https://www.abac.org.au/adjudication/51-10/;Tooheys New Television Advertisement;28 Oct 2010
https://www.abac.org.au/adjudication/41474850-10/;VB Television Advertisements;28 Oct 2010
https://www.abac.org.au/adjudication/44-46-10/;BWS Television Advertisement;14 Oct 2010
https://www.abac.org.au/adjudication/40-10/;Thirsty Camel Outdoor & Print Advertisement;14 Oct 2010
https://www.abac.org.au/adjudication/37-10/;Bundaberg Red Rum Television & Digital Advertisement;14 Oct 2010
https://www.abac.org.au/adjudication/38-10/;Aphrodope Elixir Digital Advertisement;16 Sep 2010
https://www.abac.org.au/adjudication/39-10/;Liquor Lads Print Advertisement;16 Sep 2010
https://www.abac.org.au/adjudication/34-10/;Woolworths Liquor Print Advertisement;20 Aug 2010
https://www.abac.org.au/adjudication/30-10/;Catholic Mission Wine Aid Print Advertisement;8 Jul 2010
https://www.abac.org.au/adjudication/29-10/;Tooheys New Television Advertisement;8 Jul 2010
https://www.abac.org.au/adjudication/24-10/;Tooheys New Digital Advertisement;8 Jul 2010
https://www.abac.org.au/adjudication/28-1/;VB Television Advertisement;28 May 2010
https://www.abac.org.au/adjudication/17-21-10-tooheys-26-april-2010/;Tooheys White Stag Television Advertisement;26 Apr 2010
https://www.abac.org.au/adjudication/23-10/;Hahn Premium Television Advertisement;29 Mar 2010
https://www.abac.org.au/adjudication/25-10/;VB Television Advertisement;29 Mar 2010
https://www.abac.org.au/adjudication/14-10/;Budejovicky Beer Print Advertisement;12 Mar 2010
https://www.abac.org.au/adjudication/08-10/;Skinny Blonde Beer Digital Advertisement and Packaging;12 Mar 2010
https://www.abac.org.au/adjudication/12-10/;BWS Print Advertisement;11 Feb 2010
https://www.abac.org.au/adjudication/6-10/;Lindemans Wines Early Harvest Print Advertisement;4 Feb 2010
https://www.abac.org.au/adjudication/115-09/;Woolworths Liquor Print Advertisement;14 Jan 2010
https://www.abac.org.au/adjudication/116-09/;Strongbow Outdoor Advertisement;14 Jan 2010
https://www.abac.org.au/adjudication/114-09/;Russian Standard Vodka  Digital Advertisement;14 Jan 2010
https://www.abac.org.au/adjudication/111-09/;Jim Beam Potato Chip Packaging;14 Jan 2010
https://www.abac.org.au/adjudication/110-09/;Coopers Digital Advertisement;21 Dec 2009
https://www.abac.org.au/adjudication/112-09/;Hahn Superdry Television Advertisement;8 Dec 2009
https://www.abac.org.au/adjudication/109-09/;Smirnoff Digital Advertisement;2 Dec 2009
https://www.abac.org.au/adjudication/108-09/;Go Vodka Outdoor Advertisement;2 Dec 2009
https://www.abac.org.au/adjudication/96-09-101-09-104-09/;Pure Blonde Television Advertisement;16 Nov 2009
https://www.abac.org.au/adjudication/79-09/;Bottle-O Print Advertisement;2 Nov 2009
https://www.abac.org.au/adjudication/80-09/;Cellarbrations Print Advertisement;29 Oct 2009
https://www.abac.org.au/adjudication/87-09/;Thirsty Camel Radio Advertisement;28 Oct 2009
https://www.abac.org.au/adjudication/77-09/;Liquorland Point Of Sale Advertisement;22 Oct 2009
https://www.abac.org.au/adjudication/75-09/;The Wine Doctor Digital Advertisement;21 Oct 2009
https://www.abac.org.au/adjudication/63-09-66-09-72-09/;Skinny Blonde Beer Digital Advertisement;21 Oct 2009
https://www.abac.org.au/adjudication/83-09/;Premix King Television Advertisement;21 Oct 2009
https://www.abac.org.au/adjudication/82-09/;UK Soccer - Carlsberg Television Advertisement;21 Oct 2009
https://www.abac.org.au/adjudication/67-09-68-09/;VB Television Advertisement;24 Aug 2009
https://www.abac.org.au/adjudication/64-09/;Bundaberg Rum In Stadium Announcement;4 Aug 2009
https://www.abac.org.au/adjudication/60-09/;Skinny Blonde Digital Advertisement;6 Jul 2009
https://www.abac.org.au/adjudication/58-09/;Bundaberg Rum Television Advertisement;26 Jun 2009
https://www.abac.org.au/adjudication/55-09/;Sip n Save Television Advertisement;15 Jun 2009
https://www.abac.org.au/adjudication/48-09/;Sip n Save Television Advertisement;10 Jun 2009
https://www.abac.org.au/adjudication/52-09/;Hahn Superdry Television Advertisement;5 Jun 2009
https://www.abac.org.au/adjudication/45-09/;Tyrrells Wines Print Advertisement;20 May 2009
https://www.abac.org.au/adjudication/34-09-44-09/;VB Television Advertisements;18 May 2009
https://www.abac.org.au/adjudication/31-09/;VB Television Advertisement;18 May 2009
https://www.abac.org.au/adjudication/38-09/;Skinny Blonde Beer Digital Advertisement;11 May 2009
https://www.abac.org.au/adjudication/32-09-42-09-43-09/;Hahn Superdry Television Advertisement;11 May 2009
https://www.abac.org.au/adjudication/27-09/;Hahn Television Advertisement;24 Apr 2009
https://www.abac.org.au/adjudication/15-09/;Sol Beer Print Advertisement;19 Mar 2009
https://www.abac.org.au/adjudication/12-09/;Coopers Pale Ale Print Advertisement;19 Mar 2009
https://www.abac.org.au/adjudication/11-09/;Corona Print Advertisement;19 Mar 2009
https://www.abac.org.au/adjudication/14-09/;Budweiser Print Advertisement;19 Mar 2009
https://www.abac.org.au/adjudication/13-09/;Bacardi Print Advertisement;19 Mar 2009
https://www.abac.org.au/adjudication/7-09/;Dominos Pizza with Jim Beam Sauce Television Advertisement;3 Mar 2009
https://www.abac.org.au/adjudication/6-09/;Belgian Beer Cafe Outdoor & Digital Advertising;16 Feb 2009
https://www.abac.org.au/adjudication/162-08/;Moorilla Wines  Print & Digital Advertisement;5 Feb 2009
https://www.abac.org.au/adjudication/3-09/;Pure Blonde Television Advertisement;27 Jan 2009
https://www.abac.org.au/adjudication/5-09/;Hahn Superdry Television Advertisement;19 Jan 2009
https://www.abac.org.au/adjudication/161-08/;XXXX Gold Outdoor Advertisement;23 Dec 2008
https://www.abac.org.au/adjudication/144-08-154-08/;Natural Beer Television Advertisement;23 Dec 2008
https://www.abac.org.au/adjudication/127-08-129-08/;Natural Beer Television Advertisement;23 Dec 2008
https://www.abac.org.au/adjudication/140-08/;Natural Beer Television Advertisement;23 Dec 2008
https://www.abac.org.au/adjudication/117-08/;Carlton Mid Television Advertisement;23 Dec 2008
https://www.abac.org.au/adjudication/148-08-160-0/; Sip n Save Television Advertisement;22 Dec 2008
https://www.abac.org.au/adjudication/159-08/;Kahlua Outdoor Advertisement;22 Dec 2008
https://www.abac.org.au/adjudication/152-08/;Johnnie Walker Television Advertisement;22 Dec 2008
https://www.abac.org.au/adjudication/150-08/;BWS Radio Advertisement;22 Dec 2008
https://www.abac.org.au/adjudication/151-08/;XXXX Gold Television Advertisement;22 Dec 2008
https://www.abac.org.au/adjudication/111-08/;Bacardi Television Advertisement;2 Dec 2008
https://www.abac.org.au/adjudication/107-08/;Bundaberg Rum Television Advertisement;6 Nov 2008
https://www.abac.org.au/adjudication/102-08/;Budweiser Print Advertisement;30 Oct 2008
https://www.abac.org.au/adjudication/98-08/;Carlton Mid Television Advertisement;14 Oct 2008
https://www.abac.org.au/adjudication/103-08/;Carlton Mid Television Advertisement;14 Oct 2008
https://www.abac.org.au/adjudication/101-08/;Vodka Cruiser Sugar Free Print Advertisement;7 Oct 2008
https://www.abac.org.au/adjudication/97-08/;Coopers Extra Strong Vintage Ale Print Advertisement;25 Sep 2008
https://www.abac.org.au/adjudication/76-08/;XXXX Gold Television Advertisement;15 Sep 2008
https://www.abac.org.au/adjudication/65-08-74-08-82-08-87-08/;Jim Beam Television Advertisement;15 Sep 2008
https://www.abac.org.au/adjudication/81-08-87-08/;Jim Beam Television Advertisement;15 Sep 2008
https://www.abac.org.au/adjudication/48-08/;Thirsty Camel Print & Digital Advertisement;22 Aug 2008
https://www.abac.org.au/adjudication/39-08/;Woolworths Liquor Outdoor Advertisement;11 Jul 2008
https://www.abac.org.au/adjudication/29-08-30-08-34-08/;Cockatoo Ridge Outdoor Advertisements;23 May 2008
https://www.abac.org.au/adjudication/26-08/;Woodstock Bourbon Digital Advertisement;22 May 2008
https://www.abac.org.au/adjudication/27-08-28-08-32-08/;Hahn Superdry Television Advertisement;12 May 2008
https://www.abac.org.au/adjudication/18-08/;WKD Point of Sale Advertisement;30 Apr 2008
https://www.abac.org.au/adjudication/19-08/;Coopers Pale Ale Television Advertisement;30 Apr 2008
https://www.abac.org.au/adjudication/65-08-68-08-72-08-87-08-94-08/;Jim Beam Television Advertisement;29 Apr 2008
https://www.abac.org.au/adjudication/15-08-24-08/;VB Television Advertisement;17 Apr 2008
https://www.abac.org.au/adjudication/20-08/;Liquorland Television Advertisement;17 Apr 2008
https://www.abac.org.au/adjudication/12-08/;Black Douglas Outdoor Advertisements;25 Mar 2008
https://www.abac.org.au/adjudication/3-08/;Cellarbrations Television Advertisement;29 Feb 2008
https://www.abac.org.au/adjudication/6-08/;Cougar Volt Bourbon Outdoor Advertisement;22 Feb 2008
https://www.abac.org.au/adjudication/2-08/;Gage Roads Beer Cinema Advertisement;8 Feb 2008
https://www.abac.org.au/adjudication/1-08/;Corona Outdoor Advertisement;8 Feb 2008
https://www.abac.org.au/adjudication/final-determination-corona-21-dec-2007/;Corona Outdoor Advertisement;21 Dec 2007
https://www.abac.org.au/adjudication/81-07/;Vodka Cruiser Black Packaging;17 Dec 2007
https://www.abac.org.au/adjudication/78-07/;James Boags Draught Digital Advertisement;17 Dec 2007
https://www.abac.org.au/adjudication/76-07/;Little Creatures Cinema, Outdoor and Print Advertisements;14 Nov 2007
https://www.abac.org.au/adjudication/71-07/;Tooheys Extra Dry Digital Advertisement;1 Nov 2007
https://www.abac.org.au/adjudication/75-07/;Pure Blonde Television Advertisement;1 Nov 2007
https://www.abac.org.au/adjudication/66-07/;Tooheys New Television Advertisement;25 Oct 2007
https://www.abac.org.au/adjudication/68-07/;VB Outdoor Advertisement;3 Oct 2007
https://www.abac.org.au/adjudication/60-0/;Tooheys New Television Advertisement;3 Sep 2007
https://www.abac.org.au/adjudication/58-07/;Hahn Superdry Digital Advertisement;24 Aug 2007
https://www.abac.org.au/adjudication/62-07/;Tooheys New Television Advertisement;31 Jul 2007
https://www.abac.org.au/adjudication/61-0/;James Boag Digital & Print Advertisement;31 Jul 2007
https://www.abac.org.au/adjudication/4907/;Pure Blonde - The Vines Resort & Country Club Radio Advertisement;12 Jul 2007
https://www.abac.org.au/adjudication/57-07/;McKenna Bourbon Radio Advertisement;3 Jul 2007
https://www.abac.org.au/adjudication/48-07/;Jagermeister Digital Advertisement;30 May 2007
https://www.abac.org.au/adjudication/46-07-47-07-52-07/;Tooheys New Television & Digital Advertisement;16 May 2007
https://www.abac.org.au/adjudication/5-07/;Southern Comfort Cinema Advertisement;16 May 2007
https://www.abac.org.au/adjudication/4-07/;Johnnie Walker Television Advertisement;16 May 2007
https://www.abac.org.au/adjudication/43-07/;Bondi Blonde Digital Advertisement;18 Apr 2007
https://www.abac.org.au/adjudication/29-0/;Absolut Vodka Outdoor Advertisement;17 Apr 2007
https://www.abac.org.au/adjudication/36-47-06/;Tooheys Extra Dry Television Advertisement;12 Apr 2007
https://www.abac.org.au/adjudication/3-07/;Liquorland Print Advertisement;12 Apr 2007
https://www.abac.org.au/adjudication/7-07-20-07/;Victoria Bitter Television Advertisement;10 Apr 2007
https://www.abac.org.au/adjudication/51-06/;Boags St George Outdoor Advertisement;26 Feb 2007
https://www.abac.org.au/adjudication/26-06/;Liquorland Television Advertisement;3 Nov 2006
https://www.abac.org.au/adjudication/41-06/;James Boag Premium Lager Print Advertisement;3 Nov 2006
https://www.abac.org.au/adjudication/22-06/;Woodstock Bourbon Radio Advertisement;25 Jul 2006
https://www.abac.org.au/adjudication/14-24-06/;Tooheys New Television & Outdoor Advertisements;20 Jun 2006
https://www.abac.org.au/adjudication/23-06/;Liquorland Television Advertisement;30 May 2006
https://www.abac.org.au/adjudication/18-06/;Carlton Draught Outdoor Advertisement;25 May 2006
https://www.abac.org.au/adjudication/11-06/;Bundaberg Rum Television Advertisement;25 Apr 2006
https://www.abac.org.au/adjudication/55-05/;Tooheys Extra Dry Outdoor & Digital Advertisement;15 Feb 2006
https://www.abac.org.au/adjudication/56-05-4-06/;Hahn Premium Light Television Advertisement;7 Feb 2006
https://www.abac.org.au/adjudication/52-05/;Johnnie Walker Television Advertisement;13 Jan 2006
https://www.abac.org.au/adjudication/50-05/;Cascade Television Advertisement;13 Jan 2006
https://www.abac.org.au/adjudication/45-05/;Tooheys New Television Advertisement;17 Nov 2005
https://www.abac.org.au/adjudication/46-48-05/;Courgar Bourbon Television Advertisement;17 Nov 2005
https://www.abac.org.au/adjudication/35-36-05a/;Carlton Mid Television Advertisement;1 Sep 2005
https://www.abac.org.au/adjudication/35-05/;Carlton Mid Television Advertisement;1 Sep 2005
https://www.abac.org.au/adjudication/39-05/;Sass Bubbly Outdoor Advertisement;26 Aug 2005
https://www.abac.org.au/adjudication/18-0/;Jim Beam Television Advertisement;19 May 2005
https://www.abac.org.au/adjudication/13-05/;Carlton Mid Television Advertisement;21 Apr 2005
https://www.abac.org.au/adjudication/12-05/;Carlton Mid Television Advertisement;21 Apr 2005
https://www.abac.org.au/adjudication/7-05/;Liquorland Print Advertisement;31 Mar 2005
https://www.abac.org.au/adjudication/18-04/;Victoria Bitter Television Advertisement;18 Feb 2005
https://www.abac.org.au/adjudication/9b-0/;James Boags Premium Lager Television Advertisement;19 Jan 2005
https://www.abac.org.au/adjudication/17-04/;St Agnes Brandy Print Advertisement;14 Jan 2005
https://www.abac.org.au/adjudication/13-0/;Jim Beam Digital Advertisement;14 Jan 2005
https://www.abac.org.au/adjudication/10-04/;Guinness Television Advertisement;17 Dec 2004
https://www.abac.org.au/adjudication/9-04/;Boag's Premium Lager Digital Advertisement;9 Dec 2004
https://www.abac.org.au/adjudication/9a-04/;James Boags Premium Lager Digital Advertisement;9 Dec 2004
https://www.abac.org.au/adjudication/7-04/;Carlton Mid Television Advertisement;12 Nov 2004
https://www.abac.org.au/adjudication/6-04/;Carlton Draught Television Advertisement;31 Aug 2004
